Phase,Task,Duration_Weeks,Team_Size,Priority
Phase 1: Research & Design,User Research & Requirement Analysis,2,3,High
Phase 1: Research & Design,System Architecture Design,3,4,High
Phase 1: Research & Design,Government Partnership Development,2,2,High
Phase 2: Core Development,Backend API Development,4,5,High
Phase 2: Core Development,Frontend PWA Development,4,4,High
Phase 2: Core Development,Database Schema Implementation,2,3,Medium
Phase 2: Core Development,Blockchain Integration Setup,3,2,Medium
Phase 3: AI/ML Integration,ML Model Development & Training,5,4,High
Phase 3: AI/ML Integration,NLP Chatbot Implementation,4,3,High
Phase 3: AI/ML Integration,Recommendation Engine Development,4,4,High
Phase 4: Testing & Deployment,Alpha Testing & Bug Fixes,3,6,High
Phase 4: Testing & Deployment,Beta Testing with Real Users,4,8,High
Phase 4: Testing & Deployment,Performance Optimization,2,5,Medium
Phase 5: Rollout & Scaling,Pilot Launch in 5 Districts,6,4,High
Phase 5: Rollout & Scaling,Full J&K Rollout,8,6,High
Phase 5: Rollout & Scaling,Other States Expansion Planning,4,3,Medium
