Role,Count,Key_Responsibilities,Required_Skills
Project Manager,1,"Project coordination, stakeholder management, timeline tracking","Agile, Scrum, Communication, Leadership"
Backend Developer,2,"API development, database design, system architecture","Python, Django, PostgreSQL, REST APIs"
Frontend Developer,1,"PWA development, responsive design, user interface","React, PWA, HTML/CSS, JavaScript"
AI/ML Engineer,1,"ML model development, recommendation engine, data processing","Python, TensorFlow, scikit-learn, Statistics"
UI/UX Designer,1,"User experience design, visual design, usability testing","Figma, Adobe XD, User Research, Prototyping"
QA Engineer,1,"Testing automation, quality assurance, bug tracking","Selenium, Jest, Test Automation, Bug Tracking"
